article_id,mt5_summary,llama3_reason,gemma2_reason,qwen_reason,llama3_error,gemma2_error,qwen_error,final_error_type,votes_faithful,final_verdict,status
news-45155508,"জাতিসংঘের একটি মানবাধিকার সংস্থা অভিযোগ করেছে, চীনের জিনজিয়াং প্রদেশে উইগুর মুসলিমদের গণহারে ধরে বন্দীশিবিরে নেয়া হচ্ছে।",,All claims in the report are supported.,Both claims are supported by the provided reasons.,None,None,None,None,3,True,Faithful
news-39127107,ভারতের তামিলনাডু রাজ্যে কোকা-কোলা ও পেপসি নিষিদ্ধ করেছে ব্যবসায়ীরা।,,All claims are supported.,Both claims are supported by the provided reasons.,None,None,None,None,3,True,Faithful
news-49141918,বাংলাদেশের রাজধানী ঢাকার বেশ কয়েকটি হাসপাতাল ঘুরে দেখেছেন বিবিসির প্রতিবেদক। সেখানে প্রতিদিনই বাড়ছে ডেঙ্গুতে আক্রান্ত রোগীর সংখ্যা।,,All claims are marked as 'Supported',Both claims are supported by the provided reasons.,None,None,None,None,3,True,Faithful
news-52808250,যুক্তরাষ্ট্রের প্রেসিডেন্ট ডোনাল্ড ট্রাম্প অভিযোগ করেছেন সামাজিক মাধ্যম টুইটার আমেরিকার ২০২০ সালের নির্বাচনে নাক গলাচ্ছে।,None,All claims are supported.,All claims are supported by the provided reason.,None,None,None,None,3,True,Faithful
news-49047323,বাংলাদেশের উত্তরের চারটি জেলা আগামী ২৪ ঘণ্টার মধ্যে বন্যার প্রকোপ ছড়িয়ে পড়ছে।,,"The report states four districts in the central region will be flooded, while the claim states northern Bangladesh.","The report states that four districts in the central part of the country are expected to be flooded, but the claim refers to four districts in the north experiencing a cyclone. These are different locations.",None,Entity,Location,Entity,1,False,Hallucinated
news-39844487,"ভারতের স্বরাষ্ট্রমন্ত্রী রাজনাথ সিং দাবি করেছেন, মাওবাদী বিদ্রোহ দমনে সরকারি কৌশলে বিরাট কোনও পরিবর্তন হচ্ছে না।","The article does not explicitly support the claim, as it mentions criticism of the government's approach and examples of successful peace talks in other countries, which contradict the claim of no significant change in the government's strategy.",All claims in the report are marked as 'Supported',"The claim mentions the Minister of Finance of India, which is not present in the provided report.",Contradiction,None,Entity,Contradiction,1,False,Hallucinated
news-45408278,বাংলাদেশে বিরোধীদল বিএনপি তাদের নেত্রী খালেদা জিয়ার জেলে থাকা এবং নির্বাচন নিয়ে বিদেশি কূটনীতিকদের সাথে বৈঠক করেছে।,,All claims are supported.,The first claim refers to an incorrect entity (Sheikh Hasina instead of Khaleda Zia) and the reason provided does not match the actual content.,None,None,Entity,None,2,True,Faithful
news-54230851,বাংলাদেশে করোনাভাইরাস সংক্রমণের দ্বিতীয় ঢেউ আসতে পারে আশঙ্কা প্রকাশ করেছেন প্রধানমন্ত্রী শেখ হাসিনা।,The report contains duplicate claims,All claims are supported.,All claims are supported by the provided reason.,Duplicate,None,None,None,2,True,Faithful
news-46205974,বাংলাদেশের রাজধানী ঢাকার পল্টনের বিএনপি কার্যালয়ে পুলিশের সাথে সংঘর্ষের ঘটনা ঘটেছে।,,All claims are supported.,All claims are supported.,None,None,None,None,3,True,Faithful
news-53549847,বাংলাদেশে করোনাভাইরাস মহামারির কারণে আইনশৃঙ্খলা বাহিনীর সঙ্গে কথিত 'বন্দুকযুদ্ধে' নিহত হবার ঘটনা অনেকটা নিয়মিত ব্যাপার হয়ে দাঁড়িয়েছে।,The text does not explicitly state that the COVID-19 pandemic is the reason for the 'gun battles' between the law enforcement agency and the armed forces.,"The claim states a connection between COVID-19 and gun battles, but the provided text does not mention COVID-19.","The claim incorrectly associates law enforcement with fatal incidents during the pandemic, when the report mentions that such incidents involved the armed forces and other agencies.",Contradiction,Missing Info,Entity,Missing Info,0,False,Hallucinated
140427_pg_bd_heat_dhaka_ac,বাংলাদেশের রাজধানী ঢাকায় শীতাতপ নিয়ন্ত্রণের যন্ত্র বা এসি বিক্রি বেড়ে গেছে।,,All claims are supported.,"The report mentions a contradiction where the claim talks about an increase in sales, but the provided reason states that there are no air conditioners available for sale.",None,None,Entity,None,2,True,Faithful
news-56880849,বাংলাদেশে করোনাভাইরাসের সংক্রমণ শনাক্তের হার গত ২৪ ঘণ্টায় বেশ কমে এসেছে বলে স্বাস্থ্য বিভাগের কর্মকর্তারা বলছেন।,,The claim specifies a timeframe (last 24 hours) that is not explicitly mentioned in the provided text.,All claims are supported.,None,Date/Time,None,None,2,True,Faithful
news-42949518,"ভারতের উত্তরপ্রদেশ রাজ্যের আগ্রা তাজমহলকে ঘিরে হিন্দু ও মুসলিমদের ঐতিহ্যকে কেন্দ্র করে যে 'তাজ মহোৎসব' আয়োজন করা হয়ে থাকে, সেই উৎসবের মূল থিম হিসে",,The claim about the main theme of the Taj Mahotsav being the celebration of shared heritage is not supported by the provided text.,"The claims about the event's focus on shared heritage and inclusion of both Hindu and Muslim traditions are not fully supported by the provided information, which suggests a shift towards celebrating Ram Leela and Ram veneration.",None,Other,Theme/Content,Theme/Content,1,False,Hallucinated
news-56080104,"বাংলাদেশের সেনাবাহিনী প্রধান জেনারেল আজিজ আহমেদ বলেছেন, 'অফিশিয়াল কোন প্রোটোকল ব্যবহার করা আমি সমীচীন মনে করি না।'",,All claims are supported.,All claims are supported by the provided reason.,None,None,None,None,3,True,Faithful
news-54239981,বাংলাদেশে শীতের সময় করোনাভাইরাসের প্রকোপ বাড়ার আশংকা তুলে ধরে রোডম্যাপ তৈরির পরিকল্পনা করেছে সরকার।,,All claims are supported.,All claims are supported by the provided reason.,None,None,None,None,3,True,Faithful
news-49144997,গত সপ্তাহে পাকিস্তানের রাজনৈতিক নেতাদের একটি সাক্ষাৎকার মাঝপথে বন্ধ করে দেওয়া হয়েছিল।,"The text does not provide information about the timing of the meeting, which is necessary to verify the claim.",The report states there is no mention of a meeting being interrupted.,"The report mentions that the article does not discuss any meeting with Pakistan's political leaders being halted during an interview, but rather talks about the banning of interviews and meetings of opposition leaders by TV channels.",Missing Info,Missing Info,Entity,Missing Info,0,False,Hallucinated
news-56878093,বাংলাদেশে করোনাভাইরাসের প্রথম ডোজ টিকাদান কার্যক্রম বন্ধ রাখার সিদ্ধান্ত নিয়েছে সরকার।,,All claims are supported.,All claims in the report are supported by the provided reason.,None,None,None,None,3,True,Faithful
news-51083336,যুক্তরাষ্ট্রের একটি বেসরকারি কোম্পানি ভার্জিন গ্যালাকটিক ঘোষণা করেছে যে তারা প্রথমবারের মতো পর্যটকদের মহাকাশে নিয়ে যাবে।,,All claims are supported.,All claims are supported by the provided reason.,None,None,None,None,3,True,Faithful
news-46679946,ইতালিতে অবৈধভাবে সন্তানদের খৎনা করানোর ঘটনায় একজন ডাক্তারের মৃত্যু হয়েছে।,The text does not support the claim that a doctor died in Italy due to an illegal abortion.,"The report states that the text does not mention a doctor dying during a circumcision, indicating a missing or incorrect entity.",The report mentions that the claim about a doctor dying due to an illegal practice of sterilization of children in Italy is not supported by the text.,Contradiction,Entity,Entity,Entity,0,False,Hallucinated
news-47301727,সিরিয়া থেকে ব্রিটেনে চলে যাওয়া বাংলাদেশী বংশোদ্ভূত শামীমা বেগম তার ব্রিটিশ নাগরিকত্ব বাতিল করেছেন।,,The report states that the text does not confirm Shamima Begum renounced her British citizenship.,"The report does not explicitly support the claim that Shamima Begum's British citizenship has been revoked, only suggesting the possibility based on her age and actions.",None,Missing Info,Entity,Missing Info,1,False,Hallucinated
news-49709690,"বাংলাদেশের রাজধানী ব্রাক্ষ্মনবাড়িয়া থেকে ঢাকায় আসা প্রিয়াঙ্কা তরফদার গত পাঁচ বছরে ট্রেনে পাথর ছুড়ে ২,০০০ বেশি জানালা-দরজা ভাঙ্গার ঘটনা ঘটেছে।","The article does not mention Priyanka Tarafder breaking more than 2,000 windows and doors on trains coming from Brahmanbaria to Dhaka.","The report states that the text does not mention Priyankha Tarfadar throwing stones, which is a key part of the claim.",The entity 'Priyangka Tarafdar' is not supported in the report as there is no specific mention of her throwing stones from Dhaka to Brackshamdia.,Contradiction,Entity,Entity,Entity,0,False,Hallucinated
news-56546869,ইসরায়েলের নির্বাচনে প্রধানমন্ত্রী বেনিয়ামিন নেতানিয়াহুকে ক্ষমতা থেকে বিদায় করে দিতে ভূমিকা রেখেছে একটি আরব রাজনৈতিক দল।,"The report claims that a leading Arab political party played a role in removing Israeli Prime Minister Benjamin Netanyahu from power, but the text does not support this claim.",All claims are supported.,The report does not provide explicit evidence that an Arab political party played a key role in ousting Prime Minister Benjamin Netanyahu from power.,Contradiction,None,Entity,Contradiction,1,False,Hallucinated
news-56728594,বাংলাদেশে আজ থেকে ব্যাংকিং বিধিনিষেধ কার্যকর হচ্ছে।,,"The claim states the restrictions are being implemented today, but the report says they will be implemented on April 14th.",All claims are supported by the provided reason.,None,Date/Time,None,None,2,True,Faithful
news-52668365,বাংলাদেশে করোনাভাইরাসের সংক্রমণ ঠেকাতে সরকারের পক্ষ থেকে প্রায় সাত কোটি মানুষকে খাদ্য সহায়তা দেয়ার কার্যক্রম শুরু হয়েছে।,,All claims are supported.,All claims are supported by the provided reason.,None,None,None,None,3,True,Faithful
news-45932627,ইস্তাম্বুলের সৌদি কনস্যুলেটের ভেতর থেকে নিহত নাগরিক জামাল খাসোগজির ঘটনা সম্পর্কে যে খবর পাওয়া গেছে তা নিয়ে নতুন করে আলোচনা শুরু হয়েছে।,None,All claims are supported.,All claims are supported by the provided reason.,None,None,None,None,3,True,Faithful
news-46002945,"দিল্লি বিশ্ববিদ্যালয়ের রাষ্ট্রবিজ্ঞানের এম এ ক্লাস থেকে ছাত্রছাত্রীদের পড়তে বলা হয়েছে, এমন চারটি বইকে বাদ দেওয়ার প্রক্রিয়া শুরু করেছে ওই বিশ্ববিদ্যালয়।",,All claims are supported.,Both claims are supported by the provided reasons.,None,None,None,None,3,True,Faithful
news-42139703,ভারতের সুপ্রিম কোর্ট তার মুসলিম স্বামী শাফিন জাহানকে ইসলামে ধর্মান্তরিত করার অনুমতি দিয়েছে।,The text does not support the claim that the Supreme Court of India has allowed Shafin Jahan to convert to Islam.,The report states the claim is not supported because the text does not mention Shafin Jahan converting to Islam.,"The report incorrectly states that the Supreme Court granted permission for Shafin Jehan to convert, when in fact, it only allowed Hadiya to live with her husband.",Contradiction,Missing Info,Entity,Missing Info,0,False,Hallucinated
news-48499557,উত্তর কোরিয়ার সাবেক গুপ্তচর প্রধান কিম ইয়ং-চোলকে শাস্তি হিসেবে শ্রম শিবিরে পাঠানোর খবর বেরুনোর পর তাকে আবার নিখোঁজ করা হয়েছে।,The text does not support the claim that Kim Yong-chol was sent to a labor camp as punishment for his involvement in an assassination.,"The claim about Kim Yong-chol's disappearance is not supported, as the text states he was seen at a music event. This leaves the status of his disappearance unclear.","The second claim is not supported by the provided information, as it mentions Kim being declared missing again, which is not mentioned in the first claim.",Contradiction,Missing Info,Missing Info,Missing Info,0,False,Hallucinated
news-48081272,"আপনি যদি ২০ বছর বয়সে আপনার মস্তিষ্ক প্রথমবারের মতো উদ্ভাবনী চিন্তার হটস্পটে পরিণত হয়, সেই বয়স ফেলে আসেন।","The text does not explicitly state that the brain develops creatively at the age of 20, similar to the first spark of thought in the mind.","The report states that the claim is incorrect because it suggests 20 is when the brain first becomes a hotspot for innovative thinking, while the text says it is the age when the brain first becomes a hotspot.","The report contains a claim that is not supported by the given information, as the text does not suggest that regeneration of the brain at age 20 leads to losing that age.",Missing Info,Date/Time,Other,Missing Info,0,False,Hallucinated
news-40377323,ইউরোপীয় কাউন্সিলের প্রেসিডেন্ট টেরিজা মে বলেছেন ইউকে থেকে ব্রিটেনের অভিবাসীদের বের হয়ে যাওয়ার জন্য একটি প্রস্তাব দিয়েছে তারা।,The text does not mention Ursula von der Leyen proposing a plan for the departure of British expats from the UK.,"The report states the UK does not want immigrants to leave, contradicting the claim that the President of the European Council proposed that they do.","The report mentions that there is no proposal or amendment by the President of the European Council regarding the departure of British citizens from the UK, indicating an incorrect entity in the claim.",Contradiction,Contradiction,Entity,Contradiction,0,False,Hallucinated
news-48151325,ঘূর্ণিঝড় 'ফণী' বাংলাদেশের দক্ষিণ-পশ্চিমাঞ্চলের দিকে এগিয়ে যাচ্ছে বলে জানিয়েছেন আবহাওয়া বিভাগের সচিব বজলুর রশীদ।,,The cyclone mentioned in the report is not named 'Fani' as stated in the claim.,"The report contains unsupported entities such as 'Bajlur Rahman' and 'averaged weather division secretary', and also contradicts the specific name and direction of the cyclone.",None,Entity,Entity,Entity,1,False,Hallucinated
news-55754177,বাংলাদেশে প্রবীণদের দেখভালের ক্ষেত্রে গৃহপরিচারিকাদের ওপর নির্ভর করতে বাধ্য হচ্ছেন পরিবারের সদস্যরা।,,All claims are supported.,All claims are supported and there is no contradiction or missing information.,None,None,None,None,3,True,Faithful
news-48742054,বাংলাদেশ ক্রিকেট দল বিশ্বকাপের ষষ্ঠ আসরে মুখোমুখি হচ্ছে।,"The article does not mention the specific World Cup edition, so it's unclear which one is being referred to.","The report states that the text does not mention the edition of the Cricket World Cup, making the claim unsupportable.","The report indicates that there is no mention of the Bangladesh cricket team facing in the 6th edition of the World Cup, making the claim not supported.",Missing Info,Missing Info,Entity,Missing Info,0,False,Hallucinated
news-52220120,বাংলাদেশে করোনাভাইরাস মহামারির কারণে কর্মহীন এবং দরিদ্র মানুষের জন্য ত্রাণ সহায়তা দেয়ার তালিকা তৈরির কাজ শুরু হয়েছে।,,All claims are supported.,All claims are supported by the provided reason.,None,None,None,None,3,True,Faithful
news-48290970,ইন্দোনেশিয়ায় গত ১৭ই এপ্রিল অনুষ্ঠিত হওয়া প্রেসিডেন্ট নির্বাচনের সময় এবং পরবর্তী কয়েকদিনের মাথায় ৫০০ জনেরও বেশি নির্বাচনী কর্মকর্তা মারা যাওয়ার খবর পাওয়া গেছে,"The report claims that more than 500 election officials were killed, but the article only mentions 270 officials were killed in the election process, which contradicts the claim.",All claims are supported.,All claims are supported.,Contradiction,None,None,None,2,True,Faithful
news-52345995,করোনাভাইরাস সংক্রমণ ঠেকাতে বিভিন্ন রকম ওষুধ তৈরির চেষ্টায় আছেন ব্রিটেনের বিজ্ঞানীরা।,,"The report states that scientists are testing existing drugs, not creating new ones to prevent infection.",All claims are supported by the provided information.,None,Other,None,None,2,True,Faithful
news-49173643,তিন মাস বয়সে জ্যাকি এবং তার স্বামী জুলিয়ান একেবারেই ঘুমাতে পারেননি।,The text does not provide information about Julia's sleep patterns or inability to sleep for three months.,"The claim attributes sleeplessness to Jackie and Julian, but the text refers to Jackie's children.",The report mentions issues related to Jackie and Julian's children's sleep problems rather than their own inability to sleep.,Missing Info,Entity,Entity,Entity,0,False,Hallucinated
news-48488145,বাংলাদেশের অন্যতম প্রধান রাজনৈতিক দল জাতীয় পার্টির মধ্যে অঙ্গীকার ভঙ্গের অভিযোগে দলের কয়েকজন এমপিকে কারণ দর্শানোর নোটিশকে কেন্দ্র করে বিতর্ক শুরু হয়েছে।,,All claims are marked as 'Supported',The second claim is not supported as it introduces new information (a breach of trust) that was not present in the original report.,None,None,Other,None,2,True,Faithful
news-46175088,নেটফ্লিক্সে অভিনয় করা একজন অভিনেত্রী মারা গেছেন।,None,All claims are supported.,The report does not provide enough information to confirm if the actress was indeed working on a Netflix project at the time of her death.,None,None,Missing Info,None,2,True,Faithful
news-56602385,ভারতের সুপ্রাচীন শহর বারাণসীতে হিন্দুদের কাশী বিশ্বনাথ মন্দির ও মুসলিমদের জ্ঞানবাপী মসজিদ ফিরিয়ে দেওয়ার দাবিতে উত্তরপ্রদেশের একটি আদালত রায় দিয়েছে।,JSON Parse Error,The report states that the text does not mention a ruling on returning either structure.,"Claims 8 and 9 suggest that the case involves examining the site by a committee of five members from the Archaeological Survey of India, which is not typically associated with demolition cases.",Parse Error,Missing Info,Contradiction,Missing Info,0,False,Hallucinated
news-55427149,"বাংলাদেশে করোনাভাইরাস মহামারির কারণে শিক্ষা প্রতিষ্ঠান বন্ধ থাকায় বাবা-মায়েরা আশঙ্কা প্রকাশ করে বলছেন, তাদের সন্তানদের মোবাইল এবং ইন্টারনেটের প্রতি আসক্তি বাড়তে পারে।",,All claims are supported.,Both claims are supported by the provided reasons.,None,None,None,None,3,True,Faithful
news-50441857,স্তন ক্যান্সারের চিকিৎসায় ব্যবহৃত কিছু ভেষজ পিল রক্ত জমাট করতে বিলম্ব ঘটায়।,The text does not provide any evidence or information that suggests herbal pills delay the clotting of blood in breast cancer treatment.,Claim: The article states that herbal pills are effective in treating cancer. Status: Not Supported. The text does not support this claim.,All claims are supported and there is no contradiction or missing information.,Not Supported,Other,None,Other,1,False,Hallucinated
news-55075456,"বাংলাদেশের রাজধানী ঢাকার বাসিন্দা সাহিদা বেগম বলেছেন, পেঁয়াজের বীজ উৎপাদনের কাজ শুরু হয়েছে।","The text does not mention Dhaka, the capital of Bangladesh, as the location of onion seed production.",All claims are supported.,"The report mentions pimento seed farming rather than chili production and does not refer to Dhaka, Bangladesh.",Entity,None,Entity,Entity,1,False,Hallucinated
news-55806686,"যুক্তরাজ্যে করোনাভাইরাসের যে নতুন ধরনটি শনাক্ত হয়েছে, তাতে আক্রান্ত হয়ে সাত জনের নমুনা পরীক্ষা করে দেখা হয়েছে।","The article does not provide information about the number of patients tested with the new variant, which contradicts Claim 2.","The report states 28 out of 157 samples tested positive, contradicting the claim of 7 samples.","The second claim states a specific number (seven) which is not supported by the provided information, as the data given refers to a different number (157 samples tested).",Missing Info,Number,Number,Number,0,False,Hallucinated
news-56766795,বাংলাদেশে ২য় ঢেউয়ে আক্রান্ত এবং মৃত্যু বেড়েছে।,,All claims are supported.,"Both claims refer to events (cyclone and death toll) that are not supported by the provided report, as they do not mention any cyclone or its impact on the death toll.",None,None,Entity,None,2,True,Faithful
news-50280907,সিঙ্গাপুরের একটি কারাগারে দু'জন নান এবং কয়েদিকে মৃত্যুদণ্ড দেয়া হয়েছে।,,All claims are supported.,The report does not support the specific location being a garage.,None,None,Location,None,2,True,Faithful
news-54898675,বাংলাদেশে অনেকেই মানসিক স্বাস্থ্য সমস্যায় আক্রান্ত হন।,,All claims are supported.,All claims are supported by the provided reason.,None,None,None,None,3,True,Faithful
news-41902828,বাংলাদেশে মোবাইল ফোনের আঙুলের ছাপ এবং জাতীয় পরিচয়পত্রের তথ্য চুরি করার অভিযোগে পুলিশের অপরাধ তদন্ত বিভাগ (সিআইডি) অভিযান চালিয়ে ১২০০ সিম জব্দ করেছে।,,The report states concerns about data security during SIM registration but doesn't explicitly confirm the raid was due to fingerprint and national identity card theft allegations.,Both claims are supported by the provided reasons.,None,Other,None,None,2,True,Faithful
news-51629780,মারকোস লেমা আদ্দিস আবাবায় নিজের অফিসে বসবাস করছেন। কিন্তু তার বাড়িতে কোন ইন্টারনেট সংযোগ ছিল না।,"The text does not provide information about Marcos Lemar's living arrangements or location, which contradicts the claim.",The report states the text does not mention the internet connection status of Marcos Lema Ada's house.,The second claim is not supported by the provided information.,Missing Info,Missing Info,Missing Info,Missing Info,0,False,Hallucinated
news-51381825,চীনের উনান প্রদেশের একটি রেলস্টেশনকে জীবাণুমুক্ত করেছে করোনাভাইরাস।,,All claims are supported.,"The report does not explicitly confirm that the station has been made virus-free of coronavirus, only that efforts are being made towards this goal.",None,None,Other,None,2,True,Faithful
news-49362977,বাংলাদেশের স্বাধীনতা আন্দোলনের প্রতিষ্ঠাতা রাষ্ট্রপতি শেখ মুজিবুর রহমানকে হত্যার ঘোষণা প্রচার করা হয়েছিল ১৯৭২ সালে।,"The report claims Sheikh Mujibur Rahman was declared dead in 1972, but the reason provided suggests he was actually assassinated, which is a contradiction.",All claims are supported by the provided text.,The report does not support the specific year 1972 for the proclamation of the assassination.,Contradiction,None,Date/Time,Contradiction,1,False,Hallucinated
news-48872060,বাংলাদেশে স্বর্ণের দাম গত কয়েক বছর ধরে বাড়ছে। কিন্তু এই বৃদ্ধি নিয়ে মানুষের মধ্যে উদ্বেগ তৈরি হয়েছে।,,"The claim states that the price increase has been happening for 'the past few years', but the provided text only mentions recent increases. This lack of information makes it impossible to verify the claim fully.",Both claims are supported by the provided reasons.,None,Missing Info,None,None,2,True,Faithful
news-44246998,"""আমার ঋতুকালীন পরিচ্ছন্নতা বা নিরাপদ ব্যবস্থাপনা না থাকার অন্যতম কারণ সমাজের রক্ষণশীলতা।""",,The report states the claim is contradicted by the text provided.,All claims are supported.,None,Contradiction,None,None,2,True,Faithful
news-45332030,আপনি কি জানেন যে বিশ্বের সবচেয়ে দামী খাবারগুলোর একটি হলদে রঙিন করা হয়?,"The article does not support the claim that the world's most expensive foods are yellow-colored, as it mentions various expensive foods with different colors, but does not specifically state that the most expensive foods are yellow-colored.","The claim is too broad. While saffron is mentioned as a yellow expensive food, the report doesn't confirm that all expensive foods are yellow.",All claims are supported by the provided reasoning.,Contradiction,Other,None,Contradiction,1,False,Hallucinated
news-51217515,বাংলাদেশ ক্রিকেট দলের সাবেক অধিনায়ক মুকিম চৌধুরী ঢাকা বিশ্ববিদ্যালয়ের জহুরুল হক হলে ছাত্র নির্যাতনের প্রতিবাদে রাজু ভাস্কর্যে অবস্থান নিয়েছেন।,,All claims are supported.,Both claims are supported by the provided reasons.,None,None,None,None,3,True,Faithful
news-46972950,বাংলাদেশের একটি আদালত দুর্নীতি দমন কমিশনের কাছে মাল্টি লেভেল মার্কেটিং কোম্পানি ইউনিপেটুইউ -এর ছয়জন কর্মকর্তাকে ১৩৫১ কোটি টাকা অনিয়মের দায়ে কারাদণ্ড দিয়েছে।,,The report states that the court handed down a sentence but doesn't specify who filed the case.,Both claims are supported by the provided report.,None,Missing Info,None,None,2,True,Faithful
news-42326655,ভারতে নবরাত্রির সময়ে কন্ডোমের বিজ্ঞাপন দেখানোর ওপর বিধিনিষেধ আরোপ করেছে তথ্য ও সম্প্রচার মন্ত্রণালয়।,,The report states that the text does not mention a ban on condom advertisements during Navratri.,"The report does not support the claim about a ban on condom advertisements during Diwali, as it only states the time restrictions for showing such advertisements.",None,Missing Info,Date/Time,Missing Info,1,False,Hallucinated
news-48835708,"ইরানের প্রেসিডেন্ট হাসান রৌহানি বলেছেন, ইরান সমৃদ্ধ ইউরেনিয়ামের ওপর নিষেধাজ্ঞা আরোপ করেছে।",,"The claim states Iran imposed restrictions, but the report says Iran will limit its stockpile.",The claim is not supported because the report indicates that Iran is limiting its enriched uranium stockpile rather than imposing sanctions on abundant uranium.,None,Other,Entity,Entity,1,False,Hallucinated
news-48303883,অনলাইন ব্যাংকিং-এর তথ্য চুরি করে হাতিয়ে নেয়া এমন একটি বড় ধরনের সাইবার অপরাধ বিরোধী পুলিশি অভিযান ঠেকানো হয়েছে।,,All claims are supported.,All claims are supported by the provided reason.,None,None,None,None,3,True,Faithful
news-46578414,"আমাদের মস্তিস্ক আসলে কিভাবে নতুন কিছু শিখতে পারে, তা নিয়ে একটি গবেষণায় দেখা যাচ্ছে।",,All claims are supported.,All claims are supported.,None,None,None,None,3,True,Faithful
news-50798626,বাংলাদেশে ১৯৭১ সালের মুক্তিযুদ্ধের সময় পাকিস্তানী বাহিনীকে সহায়তার অভিযোগে ধরে নিয়ে যাওয়া কয়েকজন রাজাকারের আনুষ্ঠানিক তালিকা প্রকাশ করা হয়েছে।,,"The report states that Pakistani forces did not arrest Razakars, contradicting the first claim.",All claims are supported by the provided reason.,None,Entity,None,None,2,True,Faithful
news-46874688,বাংলাদেশে পৌষসংক্রান্তি উপলক্ষে মাছ মেলায় বিক্রির জন্য একটি কাতলার দাম ১ লাখ ২০ হাজার টাকা হাঁকা হয়েছে বলে জানিয়েছেন সিলেটের এক ব্যবসায়ী।,,All claims are supported.,All claims are supported by the provided reason.,None,None,None,None,3,True,Faithful
news-55242258,আরব আমিরাতের প্রধানমন্ত্রী শেখ হামাদ বিন খলিফা আল নাহিয়ান ইসরায়েলের শীর্ষস্থানীয় ফুটবল ক্লাবকে বিক্রি করেছেন।,The text does not mention Sheikh Hamad bin Khalifa Al Nahyan selling the top Israeli football club.,"The report states that Sheikh Hamad bin Khalifa Al Nahyan is investing in the club, not Sheikh Mohammed bin Zayed Al Nahyan as claimed.","The claim refers to a sale which was not mentioned in the report; instead, it stated an investment plan.",Contradiction,Entity,Entity,Entity,0,False,Hallucinated
news-54159266,"সামাজিক যোগাযোগমাধ্যম ফেসবুক ও ইউটিউবে সেপ্টেম্বর মাসে প্রকাশিত একটি গান, যার শিরোনাম 'বাবু খাইছো'।",None,All claims are supported.,All claims are supported by the provided information.,None,None,None,None,3,True,Faithful
news-40652345,"অনলাইন নির্ভর এক জীবন তরুণ-তরুনীদেরকে আরো উদ্বিগ্ন, অসম্পূর্ণ ও ভীত করে তুলতে পারে, বলছে একটি গবেষণা।",,All claims are supported by the provided text.,All claims are supported by the provided reason.,None,None,None,None,3,True,Faithful
news-45011087,বাংলাদেশের রাজধানী ঢাকায় চলমান সড়ক দুর্ঘটনার পর নৌ পরিবহন মন্ত্রী মাহবুবুর রহমানের প্রতিক্রিয়া নিয়ে সামাজিক যোগাযোগ মাধ্যমে ব্যাপক সমালোচনা চলছে।,,All claims are supported.,All claims are supported by the provided reason.,None,None,None,None,3,True,Faithful
news-47885378,ভারতের প্রধান নির্বাচন কমিশনাররা দেশটির রাষ্ট্রপতি নরেন্দ্র মোদীর কাছে একটি চিঠি লিখেছেন।,,"The claim states the letter was written to the President of India, but doesn't specify the President's name.","The report does not specify which Chief Election Commissioner wrote the letter, leading to an error in identifying the exact entity involved.",None,Entity,Entity,Entity,1,False,Hallucinated
news-53929704,বাংলাদেশ করোনাভাইরাসের টিকার ক্লিনিক্যাল ট্রায়ালের অনুমতি দিয়েছে চীন।,"The report contradicts itself, as claims 1 and 6 are 'Supported', while claims 2-5 and 7-10 are 'Not Supported'.","The claim attributes the approval of clinical trials to China, while the report states Bangladesh approved the trials for a Chinese vaccine.",All claims are supported by the provided reason.,Contradiction,Entity,None,Contradiction,1,False,Hallucinated
news-38298663,"বাংলাদেশের প্রতিমন্ত্রী তারানা হালিম বলেছেন, পর্ণ সাইটের প্রবেশকারীদের নামের তালিকা করার প্রশ্নই আসেনা।",,All claims are supported.,"The claim refers to Tarena Halim as the Deputy Prime Minister, which is not supported by the report, as the report mentions no such entity or role.",None,None,Entity,None,2,True,Faithful
news-45083152,ঢাকার জিগাতলা এলাকায় বাস চাপায় দুজন শিক্ষার্থীর মৃত্যু কেন্দ্র করে আন্দোলনরত ছাত্র-ছাত্রীদের সাথে পুলিশ এবং ছাত্রলীগের সংঘর্ষ হয়েছে।,,All claims in the report have a status of 'Supported',"The first claim introduces new entities (housing crisis, Jigatala area) that are not supported by the verification report, while the second claim is supported.",None,None,Entity,None,2,True,Faithful
news-44220246,বাংলাদেশের রাজধানী ঢাকার বোয়ালিয়া মডেল থানার প্রধান ফটকের কাছে রয়েছে গরু।,The report does not provide sufficient information to support the claim about the location of the main gate of the Boalia Model Thana.,All claims are supported.,The claim refers to a specific entity (a cow in front of the Botal Model Police Station) which is not supported by the provided information.,Missing Info,None,Entity,Missing Info,1,False,Hallucinated
140925_mk_islamic_scholar_is_isis_isil_open_letter,যুক্তরাষ্ট্রের মুসলিম পন্ডিতরা ইসলামের দোহাই দিয়ে তাদের সামরিক পদক্ষেপকে 'নিষিদ্ধ' ঘোষণা করেছেন।,The text does not mention any specific declaration of military actions as 'haram' by Muslim scholars in the United States.,"The claim states that Muslim scholars declared military actions forbidden, but the report does not mention any such actions.","The report does not support the claim about Muslim scholars in the United States declaring military actions as haram, as it only mentions scholars providing arguments against the Islamic State's actions without specifying the location or exact declarations.",Contradiction,Missing Info,Entity,Missing Info,0,False,Hallucinated
news-49956427,বাংলাদেশ প্রকৌশল বিশ্ববিদ্যালয় বা বুয়েটে একজন ছাত্রকে পিটিয়ে হত্যা করার ঘটনায় চকবাজার থানায় আরো ১৯ জনকে গ্রেফতার করেছে পুলিশ।,,"The report states that 19 people are listed as accused, but does not confirm if they were recently arrested.",All claims are supported by the provided reason.,None,Missing Info,None,None,2,True,Faithful
news-44672332,বিশ্বকাপ ফুটবলের নকআউট পর্বের প্রথম দিনে আর্জেন্টিনা ও পর্তুগালের কাছে হেরে গেলেন ক্রিশ্চিয়ানো রোনালদো ও লিওনেল মেসি।,The text does not support the claim that Cristiano Ronaldo played for Portugal or Lionel Messi played for Argentina in the knockout stage of the World Cup.,All claims were supported by the provided text.,"The report states that the claim is supported by the given reason, which matches the claim about Christiano Ronaldo and Lionel Messi's teams losing on the first day of the World Cup knockout round.",Contradiction,None,None,None,2,True,Faithful
news-48904836,"বাংলাদেশে শিশু ধর্ষণের ঘটনায় পুলিশের গ্রেফতারের পর হত্যা করা হয়েছে সাত বছর বয়সী এক তরুণকে, কিন্তু এধরণের ঘটনাকে কেউই সেভাবে আমলে নেন না বলে মন্তব্য করেছেন শি",,"The report states a girl was murdered, not a boy.",Both claims are supported by the provided reasons.,None,Entity,None,None,2,True,Faithful
160530_indian_visa_new_system,বাংলাদেশের ট্যুরিস্ট ভিসার আবেদন গ্রহণের জন্য বর্তমান ব্যবস্থায় সাক্ষাতের তারিখ বা ই-টোকেন নির্ধারণ করার নির্দেশনা দিয়েছে ঢাকার ভারতীয় হাইকমিশন।,,All claims are marked as 'Supported',All claims are supported by the provided reason.,None,None,None,None,3,True,Faithful
news-52621715,করোনাভাইরাস মহামারির কারণে ভারতের বেশ কয়েকটি রাজ্য তাদের শ্রম আইনে নানা পরিবর্তন এনেছে।,,All claims are supported.,All claims are supported by the provided reason.,None,None,None,None,3,True,Faithful
news-55467465,"মুম্বাই মিরর পত্রিকার একজন লেখক যৌন বিশেষজ্ঞকে জিজ্ঞেস করার জন্য একটি কলাম লিখেছেন। তার মৃত্যুর পর তার সন্তানদের পক্ষ থেকে এক বিবৃতিতে বলা হয়েছে, ""তিনি এক গৌর",Claim 2 is Not Supported,"The report states the author is Dr. Mahindara Watsa, but claims the author interviewed a sexologist.",Both claims are not supported by the provided report.,Not Supported,Entity,Other,Entity,0,False,Hallucinated
160605_chittaggong_sp_wife_killed,বাংলাদেশের চট্টগ্রামে পুলিশ সুপার বাবুল আক্তারের স্ত্রী গুলি করে হত্যা করা হয়েছে।,,All claims are supported.,All claims are supported.,None,None,None,None,3,True,Faithful
news-40867894,যুক্তরাষ্ট্রের একটি সংবাদ মাধ্যমে এক নারী সাংবাদিকের পিরিয়ড হয়েছে।,"The article does not mention any journalist in the United States being arrested, contradicting the claim.",The report states the claim is not supported because the journalist's location is not mentioned.,The report mentions that the status is not supported due to discrepancies in the source and the nature of the information provided.,Contradiction,Missing Info,Entity,Missing Info,0,False,Hallucinated
news-45387880,যুক্তরাষ্ট্রের প্রেসিডেন্ট ডোনাল্ড ট্রাম্প পাকিস্তানের সাথে প্রতারণা করার অভিযোগ অস্বীকার করেছে।,The text does not mention President Donald Trump denying any allegations of conspiracy with Pakistan.,"The claim states Trump denies allegations, but the provided text does not support this.",The report incorrectly attributes the denial to Donald Trump instead of the US.,Contradiction,Missing Info,Entity,Missing Info,0,False,Hallucinated
news-48795028,১৯৬৯ সালের ২৭ জুন হন্ডুরাস এবং এল সালভেডর-এর মধ্যে একটি ম্যাচ ড্র হয়েছিল।,,The report states the text does not mention the result of the match.,"The report indicates that the claim about the match ending in a draw on June 27, 1969 is not supported because the article does not confirm this specific detail.",None,Missing Info,Date/Time,Missing Info,1,False,Hallucinated
news-45007894,বাংলাদেশের দক্ষিণাঞ্চলীয় রাজশাহী এবং সিটি কর্পোরেশনের নির্বাচনে বিরোধী দল বিএনপির প্রার্থীরা নির্বাচন বর্জন করেছেন।,,"The report states that BNP candidates boycotted elections in Barisal, not Rajshahi and the city corporation in southern Bangladesh as claimed.","The report incorrectly includes Rajshahi as an area where BNP candidates boycotted elections, which is not supported by the original text.",None,Entity,Entity,Entity,1,False,Hallucinated
news-44118154,লিবিয়ায় কোস্টগার্ড অভিযান চালিয়ে নৌকা ভর্তি নাইজেরিয়ার নাগরিকদের আটক করেছে আন্তর্জাতিক অভিবাসন সংস্থা।,The text does not mention the International Organization for Migration (IOM) arresting Nigerian citizens on a coastguard operation in Libya.,All claims are supported.,All claims are supported by the provided reason.,Contradiction,None,None,None,2,True,Faithful
news-44842983,২০১৮ সালের বিশ্বকাপ ফুটবলের সেমিফাইনাল হতে যাচ্ছে ব্রাজিল আর আর্জেন্টিনা।,The text does not mention Brazil and Argentina playing in the semi-finals of the 2018 World Cup.,"The claim refers to the 2018 World Cup, but the report mentions Argentina's success in the 2014 World Cup.","The report claims that Brazil and Argentina played in the semifinals of the 2018 FIFA World Cup, but this is not supported by the given information.",Contradiction,Date/Time,Entity,Contradiction,0,False,Hallucinated
news-48808226,বিশ্বের বিভিন্ন দেশের তাপমাত্রা রেকর্ড করেছে।,,All claims are supported.,All claims are supported by the provided reason.,None,None,None,None,3,True,Faithful
news-52829564,বাংলাদেশে করোনাভাইরাস সংক্রমণ ছড়িয়ে পড়ার পর থেকেই চিকিৎসা নেবার ক্ষেত্রে নানা ধরণের পদক্ষেপ নেয়া হচ্ছে।,,All claims are supported.,All claims are supported.,None,None,None,None,3,True,Faithful
news-45744692,ক্রিস্টিয়ানো রোনালদোর বিরুদ্ধে ধর্ষণের অভিযোগ অস্বীকার করেছেন তার আইনজীবি।,,All claims are supported.,All claims are supported by the provided reason.,None,None,None,None,3,True,Faithful
news-57063900,চীনের বার্ষিক জনসংখ্যা গত ১০ বছরের মধ্যে সবচাইতে ধীরগতিতে বাড়ছে।,"The article states that China's population has been growing at a rate of 0.53% per year over the past 10 years, which is slower than the rate of 0.57% from 2000 to 2010.",All claims are supported.,All claims are supported by the provided reason.,Contradiction,None,None,None,2,True,Faithful
news-55761742,করোনাভাইরাসের সংক্রমণ ছড়িয়ে পড়া ঠেকাতে চীনের উহান শহরকে লকডাউন করা হয়েছিল এক বছর আগে।,,All claims are supported.,All claims are supported by the provided reason.,None,None,None,None,3,True,Faithful
news-46797204,পারস্য উপসাগরের এই রক্ষণশীল রাজতন্ত্রের মাধ্যমে সৌদি আরব নারীদের ওপর সব ধরনের বৈষম্য দূর করা হয়েছে।,"The report claims that Saudi Arabia has eliminated all forms of discrimination against women in the Gulf region, but the status is 'Not Supported' due to the presence of contradictory information.","The claim states that Saudi Arabia has eliminated all forms of discrimination against women, but the report indicates that many restrictions still exist.","The claim refers to a specific condition in Saudi Arabia, which is contradicted by the report indicating that many types of discriminatory laws still exist against women.",Contradiction,Missing Info,Entity,Missing Info,0,False,Hallucinated
news-47648503,"নিউজিল্যান্ডের প্রধানমন্ত্রী জাসিন্ডা আরডের্ন জানিয়েছেন, দেশটিতে সামরিক কায়দার সেমি-অটোমেটিকের (এমএসএসএ) এবং অ্যাসল্ট রাইফেলের ওপর নিষেধাজ্ঞা ঘোষণা করেছেন।",,All claims are supported.,Both claims are supported by the provided reasons.,None,None,None,None,3,True,Faithful
news-39614808,বাংলাদেশে বিরোধী দল বিএনপির প্রেস-সচিব মারুফ কামাল খানের স্ত্রী তানিয়া খান মারা গেছেন।,,All claims are supported by the verification report.,All claims are supported by the provided information.,None,None,None,None,3,True,Faithful
news-48324350,দক্ষিণ আফ্রিকায় গিয়ে একটি অনুষ্ঠানে যোগ দিয়েছিলেন হলিউড তারকা ও ক্যালিফোর্নিয়ার সাবেক গভর্নর আর্নল্ড শোয়ার্জনেগার।,,All claims are supported.,All claims are supported.,None,None,None,None,3,True,Faithful
news-51264653,আফগানিস্তানের গজনিতে একটি বিমান বিধ্বস্ত হয়েছে বলে স্থানীয় কর্মকর্তারা জানিয়েছেন।,,All claims are supported.,The location claimed as 'mathematics area' is actually 'guzani' district in Kabul.,None,None,Entity,None,2,True,Faithful
160418_traficked_bangladeshi_women_unlawfully_kept_in_indian_jails,ভারতের রাজমিস্ত্রির জোগাড়ের কাজ করার উদ্দেশে সীমান্ত পেরোনোর পর আটক হওয়া তিনজন বাংলাদেশী নারী-শিশুর বিরুদ্ধে ফরেনার্স অ্যাক্টে মামলা দাবি করেছেন পশ্চিমবঙ্গ পু,,The report states that the reason for crossing the border is not mentioned.,Both claims are not supported by the provided information.,None,Missing Info,Other,Missing Info,1,False,Hallucinated
news-40319155,গত কয়েক বছরে কাতার ও তুরস্কের সম্পর্কে যে উন্নতি হয়েছে তার প্রকাশ ঘটেছে।,,All claims are supported.,All claims are supported by the provided reasons.,None,None,None,None,3,True,Faithful
news-56931107,ভারতে করোনাভাইরাসের টিকা সংগ্রহের কর্মসূচি একশো দিন যেতে না-যেতেই কার্যত মুখ থুবড়ে পড়েছে।,JSON Parse Error,All claims are supported.,The report does not contain any claims to verify.,Parse Error,None,None,None,2,True,Faithful
news-52518908,বাংলাদেশের কক্সবাজার উপকূল থেকে রোহিঙ্গাদের একটি দলকে উদ্ধার করে ভাসানচরে স্থানান্তর করা হয়েছে।,,All claims are supported by the provided text.,"The claim states the group was relocated to Bhutan, but the report indicates the relocation happened within Bangladesh.",None,None,Location,None,2,True,Faithful
news-47766524,বাংলাদেশের রাজধানী ঢাকার বনানীতে এফআর টাওয়ারে আগুন লাগার পর আতংকিত হয়ে অনেকেই ভবনটি থেকে বেরিয়ে আসেন।,,All claims are marked as 'Supported',"The report does not specify that the fire incident occurred at the FBR Tower in Banani, Dhaka.",None,None,Entity,None,2,True,Faithful
news-46066573,'প্রাণীরা কোন উপাদান নয়' এমন ফ্রান্সে সম্প্রতি একটি শ্লোগান ব্যবহার করছেন নিরামিষ ভোগীরা।,,All claims are supported.,Both claims are supported by the provided reasons.,None,None,None,None,3,True,Faithful
news-55308586,বাংলাদেশে আশ্রয় নেয়া রোহিঙ্গাদের একটি অংশকে ভাসানচরে স্থানান্তরের সরকারি পদক্ষেপের বিরুদ্ধে অবস্থান নিয়েছে বিরোধী দল বিএনপি।,,All claims are supported.,All claims are supported by the provided reasons.,None,None,None,None,3,True,Faithful
news-54108787,বিশ্ব স্বাস্থ্য সংস্থার এক গবেষণার অংশ হিসেবে বাংলাদেশে ট্রান্সফ্যাটজনিত হৃদরোগে আক্রান্ত হয়ে মৃত্যুর প্রায় দুই তৃতীয়াংশই হয় ঢাকার মীরবাগ এলাকার নাজনীন সাফিয়া।,"The text does not support this claim. The text mentions that'                   (     )                             (     )                   'which suggests that a significant portion of transfusion-related heart disease cases are found in the top echelons of the PHWO (Parshially Hydrogenated Oil) brands, but there is no mention of the Mirbag area of Dhaka specifically.",The report states the claim is not supported because the text does not mention this information.,The report mentions a specific person (Naznin Safia) which is not supported by the provided information.,Contradiction,Missing Info,Entity,Missing Info,0,False,Hallucinated
news-47078843,সৌদি আরব থেকে পালিয়ে আসা অনেক নারী এখন যুক্তরাজ্যে আশ্রয় নিচ্ছেন।,"The claim 'Many women from Saudi Arabia are fleeing to the UK' contradicts the supporting information 'Many women from Saudi Arabia are fleeing to Australia, Canada, or Europe', which mentions the UK is not one of the destinations.",All claims are supported.,All claims are supported by the provided reason.,Contradiction,None,None,None,2,True,Faithful
news-50209401,বাংলাদেশ ক্রিকেট বোর্ড ও সাকিব আল হাসান ভারতের বিপক্ষে সিরিজের প্রথম ম্যাচের জন্য কারণ দর্শাও নোটিস পাঠিয়েছিলেন।,The text does not mention the Bangladesh Cricket Board and Shakib Al Hasan notifying the reason for the first match of the series against India.,All claims are supported.,"The report mentions the exclusion of Shakib Al Hasan rather than his inclusion, contradicting the claim.",Contradiction,None,Entity,Contradiction,1,False,Hallucinated
news-48263085,শ্রীলংকার উত্তর-পশ্চিমে একটি মসজিদের দরজা ভাংচুর করেছে আক্রমণকারীরা।,,All claims are supported by the provided verification report.,All claims are supported by the provided reason.,None,None,None,None,3,True,Faithful
151109_pg_global_temperature_new_record,"বিজ্ঞানীরা বলছেন, এ বছরের শেষ নাগাদ পৃথিবীর তাপমাত্রা তার চেয়ে এক ডিগ্রিরও বেশি বাড়বে।",,All claims are supported.,"The report states that the claim is supported, hence no error category applies.",None,None,None,None,3,True,Faithful
news-48079702,বাংলাদেশে জামায়াতে ইসলামীর সংস্কারপন্থীদের একটি নতুন রাজনৈতিক দল গঠনের প্রক্রিয়া শুরু হয়েছে।,,All claims are supported by the provided verification report.,"The report claims a new political party is forming, but the text indicates it's actually a new group within Jamaat-e-Islami.",None,None,Entity,None,2,True,Faithful
news-53373932,বাংলাদেশে এ পর্যন্ত দুই হাজার ৩০৫ জনের করোনাভাইরাসে আক্রান্ত হয়ে মৃত্যু হয়েছে।,,All claims are supported.,All claims are supported and there is no contradiction or missing information.,None,None,None,None,3,True,Faithful
news-55002738,যুক্তরাষ্ট্রের পররাষ্ট্রমন্ত্রী হিসেবে জো বাইডেনকে বেছে নেয়া হচ্ছে।,The text does not mention Joe Biden being chosen as the Secretary of State of the United States.,"The report states that Antony Blinken will be the US Secretary of State, contradicting the claim about Joe Biden.",The report mentions that Joe Biden will consult for foreign policy advice but does not support the claim that he will be chosen as the US vice president.,Contradiction,Entity,Entity,Entity,0,False,Hallucinated
news-48366795,সাহিত্যে নোবেল পুরস্কার পেয়েছেন ওমানের লেখক জোখা আলহারথি।,The text does not mention Jokha Alharthi winning the Nobel Prize in Literature.,"The claim states she won the Nobel Prize in Literature, but the report says she won the Man Booker Prize.","The report incorrectly claims that Jocko Alharthi won the Nobel Prize in Literature, when in fact he won the Man Booker prize for his novel 'Celestial Body'.",Contradiction,Other,Entity,Contradiction,0,False,Hallucinated
news-51961180,"ভারতের প্রধানমন্ত্রী নরেন্দ্র মোদী বলেছেন, করোনাভাইরাসের মোকাবিলায় রবিবার ২২শে মার্চ সারা দেশে 'জনতা কারফিউ' চালু হবে।",,All claims are supported.,All claims are supported by the provided reason.,None,None,None,None,3,True,Faithful
news-51697733,'শিশুদের পরিত্যাগ করা নিষিদ্ধ।',,All claims are supported.,All claims are supported and there is no contradiction or missing information.,None,None,None,None,3,True,Faithful
news-43779660,কমনওয়েলথের আওতাভুক্ত দেশগুলোয় মানুষের সংখ্যা প্রায় দুই কোটি। কিন্তু তারা কিভাবে রয়েছে? ১. জনসংখ্যা,The report does not provide information about the location of the people under Commonwealth jurisdiction.,All claims are marked as 'Supported',"The claim states 'nearly two hundred million' while the verification report indicates the actual number is closer to 256 million, thus contradicting the claim.",Missing Info,None,Number,Missing Info,1,False,Hallucinated
news-40996003,আজ রানী এলিজাবেথ টাওয়ার থেকে শোনা যাবে 'বিগ বেন' ঘড়ির ঘন্টাধ্বনি।,"The report states that Elizabeth Tower will not be ringing the Big Ben's hour bell today, which contradicts the original claim.",All claims are supported.,"The report indicates that the claim is not supported because it suggests the chimes can be heard 'today', whereas the text specifies they will only be heard 'today at noon' for the last time.",Contradiction,None,Date/Time,Contradiction,1,False,Hallucinated
news-44063966,ব্রিটেনের নির্বাচনে সাবেক প্রধানমন্ত্রী মাহাথির মোহাম্মদ জয় পেয়েছেন।,The text does not mention Mahathir Mohamad winning an election in the UK.,"The claim mentions an election in Britain, but the provided context relates to Malaysia's independence from Britain.","The claim refers to Mahathir Mohamad winning a British election, which is not mentioned in the provided report.",Contradiction,Entity,Entity,Entity,0,False,Hallucinated
news-54140628,দক্ষিণ আমেরিকার রন্ডনিয়া প্রদেশে একটি ছোট শহরের এক কৃষি ফার্মের কাছে ক্যাম্পি গিয়েছিলেন।,,All claims are supported.,"The report mentions a farmer visiting a camp, but the article describes an encounter with a different individual.",None,None,Entity,None,2,True,Faithful
news-50207082,বাংলাদেশ থেকে অবৈধভাবে বিদেশে যাওয়া শ্রমিকদের একটি বড় অংশ মৃত্যুর ঝুঁকি নিয়ে 'বডি কন্ট্রাক্ট' বা শরীর চুক্তি ছাড়া।,,"The report states that 'body contracts' are used for illegal migration, contradicting the claim that a large portion of workers migrate without them.",All claims are supported by the provided reason.,None,Other,None,None,2,True,Faithful
news-52717893,বাংলাদেশের আবহাওয়া অধিদপ্তর জানিয়েছে যে ঘূর্ণিঝড় আম্পান বাংলাদেশ উপকূল অতিক্রম করতে পারে।,,All claims are supported.,All claims are supported.,None,None,None,None,3,True,Faithful
151030_bd_paira_port,বাংলাদেশের পটুয়াখালি জেলার রাবনাবাদ চ্যানেলে নতুন একটি সমুদ্রবন্দর গড়ে তোলা হচ্ছে।,,All claims are supported.,All claims are supported by the provided reason.,None,None,None,None,3,True,Faithful
news-37304627,বাংলাদেশে ঈদকে সামনে রেখে জাল টাকা বাজারে ছড়িয়ে দেয়ার চেষ্টা করছে বলে অভিযোগ করেছে র ্যাব।,,All claims are supported.,"The report mentions an accusation involving Rab, but this claim is not supported by the provided text which does not contain any reference to Rab or such an attempt.",None,None,Entity,None,2,True,Faithful
news-41897316,মার্কিন প্রেসিডেন্ট নির্বাচনের প্রচারণার সময় থেকেই ডোনাল্ড ট্রাম্পের কন্যা রয়েছেন আলোচনায়।,,All claims are supported.,All claims are supported.,None,None,None,None,3,True,Faithful
news-41759180,রেবেকা ব্রাউন যুক্তরাজ্যের একটি স্কুলের ছাত্র।,The text does not provide sufficient information to verify this claim.,The report states the text does not mention Rebecca Brown attending a school.,The report states that the claim about Rebecca Brown being a student at a school in the United Kingdom is not supported by the text.,Missing Info,Missing Info,Entity,Missing Info,0,False,Hallucinated
news-51233805,"ইন্দোনেশিয়ার সমুদ্র সৈকত থেকে বন্ধুর সাথে মাছ ধরতে গিয়েছিলেন মুহম্মদ ইদুল, তখন একটি মাছের ধাক্কায় তার ঘাড়ে আঘাত করে তার সুঁচালো ঠোঁট ঢুকিয়ে",,The report contains factual discrepancies between the claims and the original text.,Both claims are supported by the provided reasons.,None,Other,None,None,2,True,Faithful
news-46354209,রাশিয়া ইউক্রেনের নৌবাহিনীর তিনটি জাহাজ আটকের পর দু'দেশের মধ্যে এখন তীব্র উত্তেজনা বিরাজ করছে।,,All claims are supported by the provided evidence.,Both claims are supported by the provided reasons.,None,None,None,None,3,True,Faithful
151209_anti_corruption_day,"দুর্নীতি বিরোধী আন্তর্জাতিক সংস্থা টিআইবি বলছে, বাংলাদেশে দুর্নৈতিক অপরাধের ক্ষেত্রে সরকারের যে প্রত্যাশা পূরণ করতে পেরেছে তা বলা যাবে না।",,All claims are supported.,All claims are supported by the provided reason.,None,None,None,None,3,True,Faithful
news-40769203,ভারতের পশ্চিমবঙ্গের আওরঙ্গাবাদ শহরে বুকের দুধ খাওয়ানোর ছবি দিয়ে বিতর্কিত লেখিকা তসলিমা নাসরিন মুম্বই থেকে ফিরে গেছেন।,"The article mentions that Taslima Nasreen returned to India from Sweden, not Bangladesh.",All claims in the report are marked as 'Supported',All claims in the report are supported by the provided reason.,Contradiction,None,None,None,2,True,Faithful
news-54494037,মার্কিন প্রেসিডেন্ট প্রার্থী জো বাইডেনের বিরুদ্ধে শিশু পাচারের অভিযোগ আনা হয়েছে। এর ফলে যুক্তরাষ্ট্রে নতুন একটি ষড়যন্ত্র তত্ত্ব ছড়াচ্ছে।,"The article does not mention Joe Biden being accused of child trafficking, contradicting the claim.",All claims have a 'Supported' status.,Both claims are supported by their respective reasons.,Contradiction,None,None,None,2,True,Faithful
news-57127385,বাংলাদেশে করোনাভাইরাসে আক্রান্ত হয়ে গত ২৪ ঘণ্টায় ২২ জন মারা গেছেন।,"The article does not provide the exact number of deaths in the past 24 hours, only mentioning an increase of 22 people, which does not support the claim.",The reported number of deaths (22) does not match the number stated in the text (17 men + 5 women = 22).,"The claim states 22 people died, but the report specifies 17 men and 5 women, totaling 22, yet the text does not support this exact number.",Number,Number,Number,Number,0,False,Hallucinated
news-55728745,যুক্তরাষ্ট্রে চার বছরের মেয়াদ শেষে বিদায় নিচ্ছেন প্রেসিডেন্ট ডোনাল্ড ট্রাম্প।,,All claims are supported.,All claims are supported.,None,None,None,None,3,True,Faithful
news-43170672,"আফগানিস্তানের বর্তমান বাসিন্দা নারীরা যদি ঘরের বাইরে ফুটবল খেলেন, তাহলে তাদের মাথার ওপর ঝুলছে নানা ধরনের সহিংসতার হুমকি।",,All claims are supported.,All claims are supported by the provided reason.,None,None,None,None,3,True,Faithful
news-44588536,বাংলাদেশ থেকে মালয়েশিয়ায় শ্রমিক পাঠানোর ব্যবস্থা স্থগিত করেছে দেশটির সরকার।,,"The claim attributes the suspension to the Bangladeshi government, while the article states it was the Malaysian government.","The report indicates that the claim is not supported because the text only mentions changes in the process and involvement of specific agencies, without explicitly stating that the arrangement has been suspended.",None,Entity,Other,Entity,1,False,Hallucinated
news-41079116,ভারতের বিতর্কিত ধর্মীয় গুরু গুরমিত রাম রহিম সিং-কে ২০ বছরের সাজা দিয়েছে দেশটির আদালত।,,All claims are supported.,All claims are supported.,None,None,None,None,3,True,Faithful
news-45298569,আমেরিকায় একটি রেস্তোঁরা ভবনে অবৈধ মাদক পাচারের অভিযোগ উঠেছে।,,All claims are supported.,All claims are supported by the provided reason.,None,None,None,None,3,True,Faithful
news-56660057,"বাংলাদেশে পুলিশের বিশেষ বাহিনী র ্যাব জানিয়েছে, হেফাজতে ইসলামের সাবেক নেতা মোহাম্মদ মামুনুলকে আটক করেছে।",The text does not mention the arrest of Mohammad Mamunul by the police special force in Bangladesh.,The report states that the text does not mention the arrest of Muhammad Mamunul.,The report does not support the claim about a special police unit in Bangladesh arresting former Hefazat leader Muhammad Mamun. It only states that he was arrested during protests.,Contradiction,Missing Info,Entity,Missing Info,0,False,Hallucinated
news-40846970,ভারতীয় বেশির ভাগ বিবাহিত নারী স্বামীর নাম ধরেই ডাকেন।,The text does not support the claim that most Indian women are married to men with the same name.,"The claim states that most married women in India address their husbands by their name, but the report states the opposite.",All claims are supported.,Not Supported,Contradiction,None,Contradiction,1,False,Hallucinated
news-55201330,বাংলাদেশের কক্সবাজারের ভাসানচরে অবস্থানরত রোহিঙ্গাদের শরীরের তাপমাত্রা পরীক্ষা ও হাত ধোয়ানো শেষে তাদের খাবার সরবরাহ করা হয়েছে।,,All claims have a status of 'Supported',The report lacks information about the provision of food to the refugees and the accuracy of the body temperature measurements and hand washing procedures.,None,None,Missing Info,None,2,True,Faithful
news-53707384,"বিজ্ঞানীরা বলছেন, প্রাকৃতিক ভূমি ধ্বংস করার ফলে মানুষের শরীরে রোগ বালাই ছড়িয়ে পড়ার ঝুঁকি অনেক বেশি।",,All claims are marked as 'Supported',All claims are supported by the provided reason.,None,None,None,None,3,True,Faithful
news-48917846,নতুন একটি পদ্ধতি ব্যবহার করে যাত্রীবাহী বিমানের রানওয়ে চিহ্নিত করার উদ্যোগ নিয়েছে ব্রাউনশভাইক এবং মিউনিখের গবেষকরা।,,All claims are marked as 'Supported',All claims are supported.,None,None,None,None,3,True,Faithful
news-41662162,হিন্দুদের উৎসব দীপাবলি বা দেওয়ালীর সন্ধ্যাবেলায় বাজি পোড়ানোর বিধান নেই বলে মন্তব্য করেছেন ভারতের রাজ্যপাল রামমোহন রায়।,"The report claims that burning effigies is not supported, but the provided reason suggests that it is actually a part of the Durga Puja festival.","The claim states Hindus are not allowed to burn fireworks in the evening of Diwali, but the report states they do burn fireworks in the evening of Diwali.","The entity mentioned in the claim, Ram Mohan Roy, is incorrectly linked to the discussion about Diwali traditions, which actually pertains to Tripura's state governor.",Contradiction,Contradiction,Entity,Contradiction,0,False,Hallucinated
news-49843290,বাংলাদেশে ক্ষমতাসীন আওয়ামী লীগের বেশ কয়েকজন নেতার বাড়ি থেকে বিপুল পরিমাণ অর্থ উদ্ধার করেছে পুলিশ।,The text does not explicitly state that leaders of the Awami League have recovered a large amount of money from their homes.,All claims are supported.,All claims are supported and there is no contradiction or missing information.,Contradiction,None,None,None,2,True,Faithful
news-44952782,বিজ্ঞানীরা মঙ্গলগ্রহের বরফের নীচে আচ্ছাদিত একটি স্থায়ী জলাধারের সন্ধান পেয়েছেন।,The text does not explicitly state that a permanent lake of water has been found on Mars.,All claims are supported.,"The report mentions a discovery related to Mars' moon, Phobos, instead of Mars itself, which contradicts the claim about discovering a permanent water body under the ice on Mars.",Not Supported,None,Entity,Entity,1,False,Hallucinated
news-44640577,বিশ্বকাপের গ্রুপপর্ব থেকে বিদায় নিয়েছে দক্ষিণ কোরিয়া।,,All claims are supported.,All claims are supported by the provided reason.,None,None,None,None,3,True,Faithful
news-44948841,বাংলাদেশে ক্ষমতাসীন আওয়ামী লীগ নেতৃত্বাধীন বাম গণতান্ত্রিক জোট সিপিবির সভাপতি ও সাধারণ সম্পাদক ওবায়দুল কাদেরর ফোনে কথাবার্তা হয়েছে।,"The text does not explicitly state that Awami League is led by Obaidul Quader, the chairman and general secretary of the Leftist Democratic Alliance CPI.",All claims are supported.,The report does not support the claim about a phone conversation between the chairman and general secretary of the left-wing Ganatantrik Jot CPI led by the Bangladesh Awami League.,Contradiction,None,Entity,Contradiction,1,False,Hallucinated
news-46614409,আফগানিস্তানে এক ব্যক্তির কারাদণ্ডের মেয়াদ শেষ হওয়ার পর তাকে পাকিস্তানে ফিরিয়ে আনা হয়েছে।,,The report contains conflicting information about the person's return location after their sentence ended.,The report does not support the claim that the person was sent back to Pakistan from Afghanistan; it only states that the person went to Pakistan after their sentence ended.,None,Other,Entity,Entity,1,False,Hallucinated
news-47207508,ভারতের রাজধানী দিল্লির একটি জনবহুল এলাকায় হোটেলে আগুন লেগে অন্তত ১৭ জনের মৃত্যু হয়েছে।,,The claim about the number of deaths is not supported by the provided reason.,Both claims are supported by the provided reasons.,None,Number,None,None,2,True,Faithful
news-48436492,"ভারতের প্রধানমন্ত্রী নরেন্দ্র মোদী বলেছেন, সংখ্যালঘু মুসলিমদের একেবারেই বিশ্বাস করতে পারেনি বিজেপি।","The BJP has had Muslim MPs, such as Shahid Siddiqui, who was elected in 1989.",The report states that the claim does not accurately reflect the text provided.,"The report contradicts itself by stating that the BJP has not nominated any Muslim candidates for Parliament, but the article mentions they did nominate some.",Contradiction,Entity,Entity,Entity,0,False,Hallucinated
news-49888740,বাংলাদেশের খুলনার শিরোমনি এলাকায় আওয়ামী লীগের কার্যালয়ে বোমা বিস্ফোরিত হয়েছে।,,All claims are supported.,"The report mentions a bomb explosion near a local government office and protests by Awami League leaders but does not support the specific claim about the explosion at the headquarters of the Awami League in Shirobono area, Khulna.",None,None,Entity,None,2,True,Faithful
news-48881058,মহাশূণ্যে একটি চায়ের কেটলি ভেসে বেড়াচ্ছে- এটা কি কল্পনা করতে পারেন?,"The report does not mention a cat growing in the Mahashunya forest, which is the specific claim being verified.",All claims are supported.,All claims are supported by the provided reason.,Missing Info,None,None,None,2,True,Faithful
news-48671908,বাংলাদেশের বিপক্ষে ওয়েস্ট ইন্ডিজকে হারানোর পর থেকেই বেশ কয়েকটি প্রশংসা করা হয়েছে।,The text does not mention West Indies being praised since Bangladesh lost to them.,All claims are supported.,The report contradicts itself by stating that West Indies was praised after defeating Bangladesh when the article actually indicates that Bangladesh was praised for their performance.,Contradiction,None,Contradiction,Contradiction,1,False,Hallucinated
news-48556580,ইংল্যান্ডের বিপক্ষে ম্যাচে বাংলাদেশের কোচ হয়ে নিজেকে কী করে শান্ত রাখবেন স্টিভ রোডস?,The article does not explicitly state that the coach will keep himself calm in the match against England.,All claims are supported.,All claims are supported.,Missing Info,None,None,None,2,True,Faithful
news-48941481,ভারতের প্রধানমন্ত্রী রামমোহন চট্টোপাধ্যায়ের নির্দেশ অনুযায়ী পৃথিবীকে একটু নিরাপত্তা দিতে হবে।,"The text does not mention Ram Mohan Chattopadhyay as the Prime Minister of India, nor does it mention any instructions given by him to provide security to the Earth.","The report does not mention Ram Mohan Chatterjee, the claimed Indian Prime Minister.","The claim refers to a non-existent entity, Prime Minister Ram Mohan Chatterjee, which is not supported by the provided report.",Contradiction,Entity,Entity,Entity,0,False,Hallucinated
news-40898587,"চীনের কর্তৃপক্ষ ইন্টারনেট ব্যবহারকারীদের বিরুদ্ধে অভিযোগ করেছে তারা ওয়েবো, উইচ্যাট এবং বাইদু তিয়েবা-এর সঙ্গে কঠোর নজরদারি করছে।",,"The claim states that authorities are accusing users of close monitoring, but the report states they are accusing users of spreading harmful content.",The first claim is not supported as it introduces new entities (internet users being charged) not aligned with the provided information.,None,Other,Entity,Entity,1,False,Hallucinated
news-54308790,আল্লাহর প্রতি অসৌজন্যমূলক মন্তব্য করার অভিযোগে দশ বছরের কারাদণ্ড পাওয়া নাইজেরিয়ার এক কিশোরকে ক্ষমা করে দেবার জন্য বিশ্বের বিভিন্ন দেশের স্বেচ্ছাসেবী আবেদন করেছেন।,"The report claims that the sentence was commuted by various countries around the world, but the provided text does not support this claim.",All claims have a status of 'Supported',"The report mentions a teenager applying for forgiveness from various countries, which is not supported by the given text that only refers to forgiveness from countries around the world.",Contradiction,None,Entity,Contradiction,1,False,Hallucinated
news-55064450,ফ্রান্সে সন্ত্রাসী হামলার ঘটনার পর সিঙ্গাপুরের কর্তৃপক্ষ নিরাপত্তা পরিস্থিতির অবনতি ঘোষণা করেছে।,The text does not mention Singapore declaring a state of emergency after a terrorist attack in France.,The claim about a security situation downgrade contradicts the text which states a heightened security situation.,All claims are supported by the provided reason.,Contradiction,Other,None,Contradiction,1,False,Hallucinated
news-46938476,"বাংলাদেশের প্রধানমন্ত্রী শেখ হাসিনা সমালোচনার ক্ষুরধার জবাব দেওয়া যার সহজাত, তার এই মৌনতা অনেককেই অবাক করেছে।",,All claims were found to be supported by the provided text.,"The first claim is not supported by the report, which mentions her silence surprising many rather than her easy response to critics.",None,None,Entity,None,2,True,Faithful
news-41451031,মিয়ামারের নেত্রী অং সান সু চির প্রতিকৃতি অক্সফোর্ডের সেন্ট হিউ কলেজ থেকে সরিয়ে নেওয়া হয়েছে।,,All claims are supported.,"The report mentions a specific entity, Oxford's St. Hugh's College, which is not supported by the provided information that only refers to St. Hugh's College of Seneca in Senecan County, USA.",None,None,Entity,None,2,True,Faithful
news-47693685,উনিবিংশ শতাব্দীর শুরুতে মার্কিন যুক্তরাষ্ট্র আর চীনের মধ্যে উত্তেজনা তৈরি হয়েছিল।,,"The claim refers to the early 20th century, while the text discusses tensions in the present day.",The report incorrectly states that excitement was generated in the early 21st century when the context provided refers to events in the late 20th century.,None,Date/Time,Date/Time,Date/Time,1,False,Hallucinated
news-50114789,বাংলাদেশের উপকূলীয় জেলা ভোলার বোরহানউদ্দিনে ফেসবুকে ইসলামের নবীকে নিয়ে কটুক্তি করে দেয়া কথিত পোস্টকে ঘিরে বিক্ষোভকারীদের সঙ্গে পুলিশের সংঘর্ষ হয়েছে।,,All claims have a status of 'Supported',All claims are supported by the provided reasons.,None,None,None,None,3,True,Faithful
news-53330837,পৃথিবীর বেশিরভাগ দেশে বাতাসের মাধ্যমে করোনাভাইরাস সংক্রমণের বিষয়টি উড়িয়ে দেয়া যায় না।,"The report contradicts the claim, citing the World Health Organization's warning that coronaviruses can be transmitted through the air, which is the opposite of the claim.","The claim states that coronavirus is not spread through the air, but the reason provided suggests otherwise (advising people to wear masks implies airborne transmission).",All claims are supported by the provided reason.,Contradiction,Contradiction,None,Contradiction,1,False,Hallucinated
news-50051616,যুক্তরাষ্ট্রের একটি রেসিপি বক্স সরবরাহকারী প্রতিষ্ঠান গৌস্তো-এর নতুন ব্যবসায় এখন অনেক প্রতিযোগিতা পাওয়া যাচ্ছে।,The text does not provide information about Gousto or competition in the US market.,The report states that the text does not mention the company 'Gaussto'. ,The first claim is not supported as there is no specific entity mentioned.,Missing Info,Entity,Entity,Entity,0,False,Hallucinated
news-46688013,আপনি কি স্মার্ট ফোন ব্যবহার করছেন না?,,"The claim states the user is not using a smartphone, but the text provides evidence of smartphone usage.","The report states that the person is not using a smart phone, but the reason provided indicates that the text suggests otherwise, implying the use of a smartphone.",None,Entity,Usage,Usage,1,False,Hallucinated
news-50304898,"ভারতের পুজোতে দেশি গরুর দুধের রঙ একটু হলদে হয়ে গেছে, এমন একটি ভিডিও ফেসবুকে ভাইরাল হয়েছে।",,All claims are supported.,"The report mentions a video going viral on Facebook, which is not supported by the given text that only talks about a Bengali text.",None,None,Entity,None,2,True,Faithful
news-54961935,করাচির স্টক এক্সচেঞ্জে গত জুন মাসে যেসব জঙ্গী হামলা হয়েছে তার সবগুলোর পেছনে ভারতের হাত আছে বলে অভিযোগ উঠেছে।,The claim is a conspiracy theory and lacks credible evidence to support it.,"The report states the attack happened last June, but does not attribute it to India.",All claims are supported by the provided information.,Contradiction,Contradiction,None,Contradiction,1,False,Hallucinated
news-45246886,বাংলাদেশে নিরাপদ সড়কের দাবিতে আন্দোলনের সময় সামাজিক মাধ্যমে গুজব ছড়ানোর অভিযোগে বিভিন্ন বিশ্ববিদ্যালয়ের প্রায় শ'খানেক শিক্ষার্থী জামিন পেয়েছেন।,"The article claims that hundreds of students have obtained bail, but the original text mentions that hundreds of students have been arrested, which contradicts the initial claim.",The reported number of students granted bail (100) differs from the number stated in the text (56).,All claims are supported by the provided reason.,Contradiction,Number,None,Contradiction,1,False,Hallucinated
news-50895306,ভারতের প্রধানমন্ত্রী নরেন্দ্র মোদী গোটা দেশ জুড়ে নাগরিকদের তালিকা তৈরির অভিযান নিয়ে আবারও চরম বিভ্রান্তি ও অনিশ্চয়তা দেখা দিয়েছে।,,All claims are marked as 'Supported',All claims are supported by the provided reason.,None,None,None,None,3,True,Faithful
news-45159995,বাংলাদেশে ট্রাফিক সপ্তাহের মেয়াদ আরও তিন দিন বাড়ানো হয়েছে।,,All claims are supported.,All claims are supported.,None,None,None,None,3,True,Faithful
news-47201436,সোশ্যাল মিডিয়া মাধ্যম টুইটার ভারতের পার্লামেন্টারি প্যানেলের শুনানিতে হাজির হতে পারবে না।,,All claims are supported.,All claims are supported.,None,None,None,None,3,True,Faithful
140905_sm_nato_russia_coldwave_background,নেটোর সাথে বর্তমান শীতল সম্পর্ক বেশ কয়েক বছর ধরে খারাপের দিকে যাচ্ছে।,The text does not mention Netflix or its relationship with winter.,All claims are supported.,"The claims refer to entities (Netor and cool) that are not mentioned in the provided text, which discusses the relationship between Russia and NATO instead.",Missing Info,None,Entity,Missing Info,1,False,Hallucinated
news-51817628,দ্বিতীয় বিশ্বযুদ্ধের পর ইতালি জুড়ে করোনাভাইরাসের বিস্তার ঠেকাতে মানুষের চলাচলের ওপর নিষেধাজ্ঞা আরোপ করা হয়েছে।,The text does not mention the coronavirus or any restrictions imposed by Italy after World War II.,"The claim states the travel restrictions were imposed after World War II, while the report indicates they were imposed during the coronavirus pandemic.","The report incorrectly states that these restrictions were after World War II, which occurred in the 1940s, when the coronavirus did not exist. The restrictions mentioned are related to the 2020 coronavirus pandemic.",Contradiction,Date/Time,Date/Time,Date/Time,0,False,Hallucinated
news-50038358,বাংলাদেশের ঢাকার একটি সরকারি স্কুলের বাংলা সাহিত্য সংগ্রাহক গোকুল চন্দ্র দাস তার ব্যক্তিগত বই সংগ্রহশালা গড়ে তুলেছেন।,,All claims are supported.,"The report states that Gokul Chandra Das built a library collection for Bangladeshi literature, but it does not specify that this was located in his school in Dhaka.",None,None,Entity,None,2,True,Faithful
news-45889940,ভারতে যৌন হয়রানির অভিযোগের মুখে সরকারি দায়িত্ব থেকে পদত্যাগ করেছেন সংবাদপত্র সম্পাদক এম জে আকবর।,,All claims are supported.,All claims are supported by the provided reason.,None,None,None,None,3,True,Faithful
news-54784098,বাংলাদেশের কুমিল্লা জেলার মুরাদনগরে হিন্দু ধর্মবলম্বীদের কয়েকটি বাড়িতে ভাঙচুর ও অগ্নিসংযোগের ঘটনা ঘটেছে গত রোববার।,,All claims are supported by the provided text.,"The claim is supported by the provided reason, hence no error category applies.",None,None,None,None,3,True,Faithful
news-41745155,মিয়ানমার থেকে বাংলাদেশে পালিয়ে আসা রোহিঙ্গাদের ফিরিয়ে নেয়ার জন্য একটি যৌথ কমিটি গঠনের প্রস্তাব দিয়েছেন বাংলাদেশের স্বরাষ্ট্রমন্ত্রী।,,All claims are supported.,All claims are supported.,None,None,None,None,3,True,Faithful
news-55291601,বাংলাদেশে ১৯৭১ সালে হত্যাকাণ্ডের শিকার বুদ্ধিজীবীদের সংখ্যা ১১শ ১১ জনে দাঁড়িয়েছে।,"The reported number of intellectuals who were victims of the massacre in Bangladesh in 1971 is 111, but the provided text contradicts this claim, stating 86+91+72+61+53+75+43+62+65+54 = 617 intellectuals were killed.",All claims are supported.,"The report states that 111 intellectuals were killed, not 11.",Number,None,Number,Number,1,False,Hallucinated
news-53121882,করোনাভাইরাসে আক্রান্ত হলে কৃষ্ণাঙ্গদের তুলনায় দক্ষিণ এশীয়দের মারা যাবার ঝুঁকি বেশি।,,All claims are marked as 'Supported',All claims in the report are supported by the given reason.,None,None,None,None,3,True,Faithful
news-53324713,উনিশ'শ বাষট্টি সালে গালওয়ান পোস্ট থেকে চীনের সৈন্য অবশেষে পিছু হঠে - ভারতের ইতিহাসের সবচেয়ে পুরনো একটি অভিজ্ঞতা।,,"The report states a claim about a retreat in 1878, but the text mentions a retreat in 1962.",The report incorrectly states that soldiers retreated to China in 1962 when the actual event occurred in 2020.,None,Date/Time,Date/Time,Date/Time,1,False,Hallucinated
news-50794469,যুদ্ধাপরাধের দায়ে ফাঁসির দণ্ডপ্রাপ্ত জামায়াতে সাবেক সহকারী মহাসচিব আব্দুল কাদের মোল্লাকে 'শহীদ' উল্লেখ করে দৈনিক সংগ্রামের সম্পাদক ও প্রকাশক আবুল আসাদকে,,All claims in the report are marked as 'Supported',Both claims are supported by the provided reasons.,None,None,None,None,3,True,Faithful
news-37771601,ঢাকার আশুলিয়ায় কথিত জঙ্গি সংগঠন 'নব্য জেএমবি'-এর প্রধান হিসেবে দাবি করা সারোয়ার জাহানকে কেন্দ্র করে পুলিশের কাউন্টার টেরোরিজম ইউনিটের একজন কর্মকর্তা নাক,"The article contradicts the claim that the head of the alleged terrorist organization 'New JMB' is a police counter-terrorism unit official, stating that the head is actually a third-tier leader.","The report states Saroar Jahan was killed, contradicting the claim that he is a member of the police's Counter Terrorism Unit.",The report mentions that the claim about Saurav Jahan is not supported by the article.,Contradiction,Entity,Entity,Entity,0,False,Hallucinated
news-51262179,বাংলাদেশের টি টোয়েন্টি ক্রিকেটে মুস্তাফিজুর রহমানের ক্যারিয়ারের সবচেয়ে বড় ধাক্কা হয়েছিল ২০১৬ সালের ইনজুরি ও সার্জারি।,,All claims are supported.,All claims are supported by the provided reason.,None,None,None,None,3,True,Faithful
news-46941357,এ বছরের প্রথম পূর্ণিমা এবং চন্দ্রগ্রহণের পুরোটা দেখতে পাবেন বিজ্ঞানীরা।,,All claims are supported.,The claims about scientists observing the first full moon and seeing the entire duration of the lunar eclipse are not supported by the provided information.,None,None,Entity,None,2,True,Faithful
news-52402983,"করোনাভাইরাসের মহামারি প্রথম ছড়িয়েছে যে চীন থেকে, তাদের প্রতিবেশি ভিয়েতনাম কীভাবে নিজেকে সুরক্ষিত রাখলো?",,All claims are marked as 'Supported',Both claims are supported by the provided reasons.,None,None,None,None,3,True,Faithful
news-47415351,রোহিঙ্গা শরণার্থী ইস্যুতে মিয়ানমারের ভূমিকায় বাংলাদেশ ক্ষোভ প্রকাশ করেছে।,None,All claims are supported.,All claims are supported by the provided reason.,None,None,None,None,3,True,Faithful
news-44276395,নবজাতক শিশুদের ন্যাপি পরিবর্তন করা বাবা-মা'য়েদের কাজ।,,The report states the text does not explicitly say diaper changing is the parents' responsibility.,All claims in the report are supported by the provided reason.,None,Missing Info,None,None,2,True,Faithful
news-50204325,২০১৬ সালে ঢাকায় হোলি আর্টিজান রেস্তোঁরায় হামলার ঘটনার পর থেকে আইনশৃঙ্খলা রক্ষাকারী বাহিনী ধারাবাহিক অভিযান চালিয়ে যাচ্ছে জঙ্গি তৎপরতার বিরুদ্ধে।,,All claims are supported.,All claims are supported by the provided reason.,None,None,None,None,3,True,Faithful
news-44403726,"ফেসবুক, গুগল, ইউটিউব ইত্যাদির বাংলাদেশে অর্জিত আয়কে করের আওতায় আনতে হবে।",,All claims are supported.,All claims are supported by the provided reason.,None,None,None,None,3,True,Faithful
news-43864215,নিখোঁজ হয়ে যাওয়া অস্ট্রেলিয়ার এক শিশুকে কুকুর খুঁজতে বের করেছে পুলিশ।,,"The report states the child was found by a rescuer, not the police as claimed.",Both claims are supported by the provided reasons.,None,Entity,None,None,2,True,Faithful
news-57203955,বাংলাদেশের পররাষ্ট্র মন্ত্রী এ কে আবদুল মোমেন বলেছেন আমেরিকা বাংলাদেশকে প্রায় ১ কোটি ৬০ লাখ ডোজ অ্যাস্ট্রাজেনেকা ভ্যাকসিন দিতে রাজি হয়েছে।,The report is missing information,All claims are supported.,All claims are supported.,Missing Info,None,None,None,2,True,Faithful
news-47637011,"বাংলাদেশের রাজধানী ঢাকায় বাসের চাপায় নিহত শিক্ষার্থী আবরার আহম্মেদ চৌধুরীর সহপাঠীরা বলছেন, ""প্রশাসন কিছুই করছে না। এখনও প্রতিশ্রুতি সব প্রশাসনে জমে আছে।""","The report contains a contradictory claim: 'The administration is doing nothing' is marked as 'Not Supported', while 'All promises are still pending in the administration' is marked as 'Supported', indicating that the administration's actions are both supported and unsupported.",All claims have a status of 'Supported',Both claims are supported by the provided reasons.,Contradiction,None,None,None,2,True,Faithful
news-50127963,বাংলাদেশে ফেসবুক অ্যাকাউন্ট হ্যাক করে নবী মোহাম্মদকে নিয়ে মেসেঞ্জারে পোস্ট দেয় হ্যাকাররা।,,All claims have a status of 'Supported',All claims are supported by the provided reason.,None,None,None,None,3,True,Faithful
news-43699928,বাংলাদেশে ঢাকা বিশ্ববিদ্যালয়ে কোটা সংস্কারের দাবিতে আন্দোলনরত ছাত্রছাত্রীদের মধ্যে সোমবার রাতভর সংঘর্ষ হয়েছে।,,"The report states a clash on Sunday night, while the claim says it was on Monday night.","The second claim specifies that the protest lasted through the night on Sunday, while the first claim does not mention the duration of the protest. There is no direct contradiction, but the information provided in the second claim cannot be fully verified based on the information given in the first claim.",None,Date/Time,Date/Time,Date/Time,1,False,Hallucinated
news-50503931,যুক্তরাষ্ট্রে মৃত্যুদণ্ড কার্যকর করার প্রক্রিয়া পুনরায় শুরু করেছে কেন্দ্রীয় সরকার।,,All claims are supported.,The report does not specify that the central government restarted the process to make the death penalty effective.,None,None,Entity,None,2,True,Faithful
news-41070666,মিয়ানমারের রাখাইন প্রদেশে হামলার ঘটনায় মংদু থেকে পালিয়ে যাওয়া রোহিঙ্গাদের একাংশ 'বাঙালি সন্ত্রাসী'দের ব্যাপারে সরকারের জনগণ এবং বিদেশী নাগরিকদের সাবধান থাকতে,,"The report states the government is labeling the Rohingya as 'Bangladeshi terrorists', while the claim says the Rohingya are labeling the government as such.",The term 'Bengali terrorists' is vague and not supported by specific entities or groups. It lacks clarity and factual basis.,None,Contradiction,Entity,Contradiction,1,False,Hallucinated
news-46418362,দুর্নীতির মামলায় সাজাপ্রাপ্ত বিএনপি চেয়ারপার্সন খালেদা জিয়া নির্বাচনে অংশ নিতে পারবেন না।,,All claims are supported by the provided evidence.,All claims are supported by the provided reason.,None,None,None,None,3,True,Faithful
news-41064935,যুক্তরাষ্ট্রের টেক্সাস রাজ্যের দুইটি শহরের ওপর দিয়ে বয়ে গেছে হারিকেন 'হার্ভে'। এরইমধ্যে ছিন্নভিন্ন সেখানকার বাসিন্দাদের ঘর উপকূলে আঘাত হানার পর এই,,All claims have a status of 'Supported',The second claim is not supported as the report does not provide information about different parts of the cities being affected by the hurricane’s coastal impacts.,None,None,Other,None,2,True,Faithful
news-51494022,চীনের উহান শহরে করোনাভাইরাসের প্রাদুর্ভাব শুরু হওয়ার পর থেকে সেখানকার সড়ক পরিবহনের ব্যবস্থা বন্ধ হয়ে গেছে।,,All claims are supported.,All claims are supported by the provided reason.,None,None,None,None,3,True,Faithful
news-46358471,"বাংলাদেশে বিরোধী দল বিএনপির ভারপ্রাপ্ত চেয়ারম্যান তারেক রহমান বলেছেন, ""আপনারা গণতন্ত্রের বিপক্ষে দাঁড়াবেন না।""",,All claims are supported.,The report does not clearly identify the entity making the statement as the chairman of the BNP opposition party in Bangladesh.,None,None,Entity,None,2,True,Faithful
news-50804643,ব্রিটেনের নির্বাচনের ফলাফল বিশ্লেষণ করেছেন রিটা চক্রবর্তী। প্রযুক্তির সাহায্যে বিবিসি টেলিভিশনে প্রকাশিত প্রতিবেদনগুলো ইংরেজিতে।,"The report does not support the claim that Rita Chakraborty analyzed the results of the British election, but it does support the claim that the report was published on BBC Television with the help of technology.",The report does not specify the language of the reports.,Both claims are not supported by the provided information.,Contradiction,Missing Info,Other,Missing Info,0,False,Hallucinated
news-47116189,নিউজিল্যান্ডের বিপক্ষে তিন ম্যাচের টেস্ট সিরিজ খেলার সুবিধার কথা জানিয়েছেন বাংলাদেশ জাতীয় ক্রিকেট দলের সভাপতি নাজমুল আবেদীন ফাহিম।,,All claims are supported.,All claims are supported.,None,None,None,None,3,True,Faithful
news-48989199,কুমিল্লায় এক ব্যক্তিকে ছুরিকাঘাত করে হত্যা করেছে আদালত।,,The text mentions a stabbing but does not confirm a murder.,The report mentions an assault in the court room rather than a murder with a machete in Kuttikkanam.,None,Other,Entity,Entity,1,False,Hallucinated
